method,wallclock_seconds
RPB,34.73155689239502
RCBM,35.76264190673828
PBA,181.85083603858948
SGM,38.22809100151062
