method,wallclock_seconds
RPB,41.05771279335022
RCBM,38.98978519439697
PBA,192.74349403381348
SGM,39.23278594017029
