iteration,objective
0,2.256871579232186
1,1.754721698608221
2,1.524912199523962
3,1.4702307591812391
4,1.4625504271181866
5,1.4616295096875827
6,1.4615192834238135
7,1.4615057017680007
8,1.4615039696710443
9,1.461503740890916
10,1.4615037096095447
11,1.461503705185263
12,1.4615037045385266
13,1.461503704440898
14,1.4615037044256909
15,1.4615037044232482
