method,wallclock_seconds
RPB,0.18239188194274902
RPB-FO,0.14180207252502441
RCBM,2.1124019622802734
RCBM-FO,1.0150089263916016
PBA,0.9351420402526855
PBA-FO,0.8949332237243652
SGM,4.576953887939453
SGM-FO,4.40789008140564
