iteration,objective
0,2.256871579232186
1,1.74600337188895
2,1.5183913279122339
3,1.4686080045594323
4,1.462299716839098
5,1.4615946680635596
6,1.4615144856063045
7,1.46150503102819
8,1.461503873758519
9,1.4615037268235809
10,1.4615037074908563
11,1.4615037048574315
12,1.4615037044864039
13,1.4615037044323829
14,1.4615037044242618
15,1.4615037044230028
