iteration,objective
0,2.256871579232186
1,1.7501911357629258
2,1.5211587526317634
3,1.4692900130300326
4,1.4624131009254184
5,1.4616117740925525
6,1.4615170063606358
7,1.4615054023549046
8,1.461503929023138
9,1.4615037351826272
10,1.4615037087803133
11,1.4615037050607296
12,1.4615037045192067
13,1.461503704437804
14,1.46150370442518
15,1.4615037044231618
