iteration,objective
0,1.6981415218925644
1,1.2038617415129809
2,1.0810247372823563
3,1.0774504627451265
4,1.0774351445163766
5,1.0774350852435128
6,1.0774350850109549
