iteration,objective
0,0.6041294365205552
1,0.45856988724509806
2,0.45856988724509806
3,0.32915936841831595
4,0.32834581949031966
5,0.32815650629907794
6,0.3281093433635581
7,0.32809758136577494
8,0.3280946006015946
9,0.32809384145518017
10,0.32809364655824425
11,0.32809359624783985
12,0.3280935831891226
13,0.32809357978403686
14,0.328093578892499
15,0.32809357865823996
16,0.3280935785964944
17,0.3280935785801755
18,0.3280935785758522
19,0.3280935785747045
