method,wallclock_seconds
RPB,0.9377939701080322
RPB-FO,0.9376010894775391
RCBM,1.327031135559082
RCBM-FO,1.320842981338501
PBA,5.4533610343933105
PBA-FO,5.643118858337402
SGM,40.35393786430359
SGM-FO,38.777344942092896
