method,wallclock_seconds
RPB,1.7465429306030273
RPB-FO,2.083527088165283
RCBM,2.518558979034424
RCBM-FO,6.248511075973511
PBA,27.692648887634277
PBA-FO,27.268890857696533
SGM,148.78020811080933
SGM-FO,151.453547000885
