method,wallclock_seconds
RPB,14.065787076950073
RPB-FO,14.480140924453735
RCBM,43.908933877944946
RCBM-FO,21.3615460395813
PBA,148.03292894363403
PBA-FO,149.37927794456482
SGM,596.0135591030121
SGM-FO,618.1993119716644
