iteration,objective
0,1.6981415218925644
1,1.207360111428339
2,1.0820383255894193
3,1.0774758762798768
4,1.0774354852762307
5,1.0774350896946376
6,1.0774350850745082
7,1.0774350850110423
8,1.0774350850100294
