method,wallclock_seconds
RPB,13.667094945907593
RPB-FO,13.65542197227478
RCBM,41.4688138961792
RCBM-FO,20.181475162506104
PBA,140.9115138053894
PBA-FO,139.2077980041504
SGM,10.14293885231018
SGM-FO,10.834270000457764
