method,wallclock_seconds
RPB,0.12016081809997559
RPB-FO,0.13890504837036133
RCBM,0.9463708400726318
RCBM-FO,0.9061379432678223
PBA,0.8429467678070068
PBA-FO,0.8607020378112793
SGM,7.1852030754089355
SGM-FO,6.993998050689697
