iteration,objective
0,1.6981415218925644
1,1.20945681581021
2,1.0826421515257336
3,1.0774703974608946
4,1.0774352700152237
5,1.0774350861447755
6,1.0774350850183518
7,1.0774350850100802
