iteration,objective
0,2.256871579232186
1,1.7505683690461211
2,1.5206351149951978
3,1.4687317310912646
4,1.4622376141045657
5,1.4615754995498562
6,1.4615106741537964
7,1.461504379910019
8,1.4615037698832367
9,1.461503710769007
10,1.4615037050383808
11,1.4615037044825208
12,1.4615037044285664
13,1.4615037044233254
