iteration,objective
0,1.6981415218925644
1,1.2129131519946106
2,1.0837860648092301
3,1.0775118738499159
4,1.0774359591732736
5,1.0774350971195104
6,1.0774350852156602
7,1.0774350850142134
8,1.0774350850101115
