iteration,objective
0,1.2785123194193737
1,0.8141623164862918
2,0.7615024097842392
3,0.7605776238673226
4,0.7605001316060002
5,0.7604943278391544
6,0.760493923676389
7,0.7604938980543867
8,0.760493896581834
9,0.7604938965055482
10,0.7604938965020046
