iteration,objective
0,2.256871579232186
1,1.745985901528457
2,1.516905494687245
3,1.4678843654139935
4,1.4621326135997015
5,1.4615644519132223
6,1.4615095595805458
7,1.4615042686672768
8,1.4615037588001398
9,1.4615037096637113
10,1.4615037049279445
11,1.461503704471462
12,1.4615037044274566
13,1.4615037044232138
