iteration,objective
0,1.2785123194193737
1,0.7952696758613491
2,0.7623879131571261
3,0.7606438878689967
4,0.7605050918117068
5,0.7604946687133863
6,0.7604939451178464
7,0.7604938992786101
8,0.760493896644903
9,0.7604938965084638
10,0.7604938965021246
