iteration,objective
0,2.0832759564529733
1,1.4560286840418295
2,1.4395819542100903
3,1.4389445486844106
4,1.4389262737453103
5,1.4389260159351835
6,1.4389260144547877
7,1.4389260144532061
