iteration,objective
0,2.0832759564529733
1,1.4608542480128626
2,1.4395617946177266
3,1.4389492831647903
4,1.4389264163522069
5,1.4389260171670062
6,1.4389260144558955
7,1.4389260144532063
