method,wallclock_seconds
RPB,249.94593000411987
RCBM,35.75997304916382
PBA,179.1642770767212
SGM,26.89067506790161
