iteration,objective
0,2.0832759564529733
1,1.6590383175681058
2,1.487169108296487
3,1.4457099679086185
4,1.4397200850676992
5,1.4390145974388908
6,1.4389357785933659
7,1.4389270877325755
8,1.438926132407963
9,1.4389260274242008
10,1.4389260158807131
11,1.4389260146104406
12,1.4389260144705391
13,1.438926014455118
14,1.4389260144534166
