method,wallclock_seconds
RPB,0.6831679344177246
RPB-FO,0.570641040802002
RCBM,11.264683961868286
RCBM-FO,3.907784938812256
PBA,7.727261066436768
PBA-FO,6.8734681606292725
SGM,27.690330028533936
SGM-FO,22.412147998809814
